customer_id,last_purchase_date,frequency,monetary,preferred_category
CUST0001,2026-03-23 01:41:12.332677,44,173.40954389160333,家居
CUST0002,2025-07-20 01:41:12.332677,2,385.44631509029483,食品
CUST0003,2025-10-06 01:41:12.332677,13,660.0996483531945,数码
CUST0004,2026-03-19 01:41:12.332677,40,535.8549208853368,食品
CUST0005,2026-04-23 01:41:12.332677,2,606.5719785626917,食品
CUST0006,2025-12-27 01:41:12.332677,20,249.2383532413486,食品
CUST0007,2026-06-13 01:41:12.332677,1,775.3606985757858,服装
CUST0008,2026-03-23 01:41:12.332677,37,655.4032191514578,美妆
CUST0009,2026-03-04 01:41:12.332677,9,580.3251010982947,服装
CUST0010,2025-12-01 01:41:12.332677,17,362.87794378363844,服装
CUST0011,2025-08-07 01:41:12.332677,9,564.760025521189,食品
CUST0012,2026-04-07 01:41:12.332677,11,441.702004201302,服装
CUST0013,2026-03-26 01:41:12.332677,15,169.90175799244764,食品
CUST0014,2025-07-09 01:41:12.332677,24,489.91542965570244,美妆
CUST0015,2026-02-02 01:41:12.332677,38,468.65392035549485,数码
CUST0016,2026-02-23 01:41:12.332677,35,712.4803019750241,食品
CUST0017,2026-02-04 01:41:12.332677,30,53.11471153715945,美妆
CUST0018,2025-08-29 01:41:12.332677,31,547.0399657709402,数码
CUST0019,2025-10-19 01:41:12.332677,49,268.8863903788565,家居
CUST0020,2025-07-25 01:41:12.332677,5,563.8446684391093,食品
CUST0021,2025-09-13 01:41:12.332677,44,574.8560111154611,食品
CUST0022,2025-12-24 01:41:12.332677,14,482.6310445739617,家居
CUST0023,2025-09-30 01:41:12.332677,11,661.4586249622168,家居
CUST0024,2026-01-24 01:41:12.332677,9,250.84678818006017,食品
CUST0025,2025-08-24 01:41:12.332677,34,721.5440900563401,家居
CUST0026,2026-06-12 01:41:12.332677,12,358.3842267611717,服装
CUST0027,2025-10-24 01:41:12.332677,35,188.82026990202093,数码
CUST0028,2025-11-10 01:41:12.332677,35,445.5208059000382,数码
CUST0029,2025-07-24 01:41:12.332677,1,80.9684954640029,数码
CUST0030,2026-05-16 01:41:12.332677,40,550.8347784492404,服装
CUST0031,2026-05-06 01:41:12.332677,22,448.1499114839549,家居
CUST0032,2026-01-15 01:41:12.332677,29,746.7373842752072,美妆
CUST0033,2025-12-28 01:41:12.332677,8,629.7848421013991,家居
CUST0034,2025-10-06 01:41:12.332677,11,221.60073256239798,食品
CUST0035,2025-12-26 01:41:12.332677,41,332.32250177642294,数码
CUST0036,2026-01-10 01:41:12.332677,37,604.1328841068419,家居
CUST0037,2026-05-14 01:41:12.332677,14,669.4158019970068,美妆
CUST0038,2025-07-05 01:41:12.332677,30,744.5001829773761,食品
CUST0039,2026-05-10 01:41:12.332677,35,742.9018570610697,服装
CUST0040,2025-11-02 01:41:12.332677,21,482.09547795041885,服装
CUST0041,2025-08-18 01:41:12.332677,37,572.5311244502338,美妆
CUST0042,2026-02-23 01:41:12.332677,5,759.7477007887593,食品
CUST0043,2025-08-31 01:41:12.332677,19,439.3383076128103,数码
CUST0044,2026-02-19 01:41:12.332677,14,575.9452373880247,家居
CUST0045,2026-06-13 01:41:12.332677,26,434.62384406406966,食品
CUST0046,2025-08-09 01:41:12.332677,4,389.8103771069146,服装
CUST0047,2026-01-18 01:41:12.332677,25,509.6770236571607,美妆
CUST0048,2025-10-03 01:41:12.332677,45,362.49130973208173,美妆
CUST0049,2026-04-06 01:41:12.332677,42,473.8168054460501,家居
CUST0050,2025-08-22 01:41:12.332677,25,293.0090270935734,美妆
CUST0051,2026-06-20 01:41:12.332677,18,462.0011225635241,美妆
CUST0052,2025-11-04 01:41:12.332677,40,589.6780587231723,食品
CUST0053,2025-10-12 01:41:12.332677,8,382.2472927586408,数码
CUST0054,2025-07-23 01:41:12.332677,39,501.85835050618255,家居
CUST0055,2026-05-12 01:41:12.332677,40,527.8685187242529,食品
CUST0056,2025-07-29 01:41:12.332677,14,590.506978364267,数码
CUST0057,2026-04-03 01:41:12.332677,32,473.28403173895686,食品
CUST0058,2025-10-13 01:41:12.332677,38,717.1732683735612,食品
CUST0059,2026-05-30 01:41:12.332677,33,79.81622770961644,美妆
CUST0060,2025-12-10 01:41:12.332677,23,1087.5505694335548,数码
CUST0061,2026-04-14 01:41:12.332677,15,325.7732471924967,家居
CUST0062,2026-05-15 01:41:12.332677,33,580.6780046708155,家居
CUST0063,2025-07-09 01:41:12.332677,25,312.30641795883025,数码
CUST0064,2026-07-02 01:41:12.332677,17,628.8536319018604,美妆
CUST0065,2026-05-11 01:41:12.332677,33,555.3138305189856,服装
CUST0066,2026-03-20 01:41:12.332677,47,369.85729253098214,食品
CUST0067,2025-10-17 01:41:12.332677,2,714.6174690820626,美妆
CUST0068,2025-08-28 01:41:12.332677,14,467.20782407961576,数码
CUST0069,2025-12-25 01:41:12.332677,40,609.4431876114008,食品
CUST0070,2025-11-28 01:41:12.332677,40,316.5680389607928,家居
CUST0071,2026-05-21 01:41:12.332677,39,493.82247288568396,服装
CUST0072,2026-01-23 01:41:12.332677,6,900.681453436421,家居
CUST0073,2025-12-14 01:41:12.332677,6,692.5931058228259,数码
CUST0074,2025-10-07 01:41:12.332677,3,561.5241510902104,食品
CUST0075,2025-07-18 01:41:12.332677,7,410.21583447804085,数码
CUST0076,2025-09-03 01:41:12.332677,8,513.4997071750017,食品
CUST0077,2025-10-06 01:41:12.332677,42,539.5131980344764,美妆
CUST0078,2025-12-01 01:41:12.332677,15,589.8456869839491,服装
CUST0079,2025-10-25 01:41:12.332677,47,284.66789836446685,美妆
CUST0080,2025-12-26 01:41:12.332677,29,633.681592188473,美妆
CUST0081,2025-09-11 01:41:12.332677,33,282.08138034106946,数码
CUST0082,2025-12-03 01:41:12.332677,30,826.2251704563744,服装
CUST0083,2025-12-08 01:41:12.332677,39,345.6743355166243,食品
CUST0084,2025-11-09 01:41:12.332677,27,559.3256639352351,食品
CUST0085,2025-07-31 01:41:12.332677,36,701.0285146556035,家居
CUST0086,2026-05-12 01:41:12.332677,29,449.52399130711007,食品
CUST0087,2025-09-27 01:41:12.332677,38,568.1200038199717,数码
CUST0088,2025-11-29 01:41:12.332677,33,787.0363098380103,美妆
CUST0089,2025-10-25 01:41:12.332677,37,612.8805975786532,美妆
CUST0090,2025-12-28 01:41:12.332677,27,571.1101259348706,美妆
CUST0091,2026-05-24 01:41:12.332677,33,163.04292103590757,服装
CUST0092,2026-01-28 01:41:12.332677,4,313.25554945195546,食品
CUST0093,2026-06-19 01:41:12.332677,22,709.3840255300024,数码
CUST0094,2025-09-06 01:41:12.332677,2,613.9900610682764,服装
CUST0095,2026-04-30 01:41:12.332677,10,644.2932547570149,家居
CUST0096,2025-07-24 01:41:12.332677,5,627.0793864429794,数码
CUST0097,2025-08-11 01:41:12.332677,10,757.9513056750748,数码
CUST0098,2026-06-25 01:41:12.332677,33,447.72001500897545,数码
CUST0099,2025-07-25 01:41:12.332677,38,524.0999917578602,美妆
CUST0100,2026-02-25 01:41:12.332677,13,294.2651333741832,数码
CUST0101,2026-02-18 01:41:12.332677,31,244.3954833127248,食品
CUST0102,2026-05-02 01:41:12.332677,47,171.25185688238844,数码
CUST0103,2026-02-15 01:41:12.332677,36,322.9673002000304,美妆
CUST0104,2026-04-14 01:41:12.332677,45,810.5123630979283,数码
CUST0105,2026-01-22 01:41:12.332677,24,189.45458643679245,家居
CUST0106,2025-09-18 01:41:12.332677,15,439.29280288456044,家居
CUST0107,2025-10-16 01:41:12.332677,29,241.37093527076843,美妆
CUST0108,2025-11-15 01:41:12.332677,8,379.8052073993278,食品
CUST0109,2026-05-24 01:41:12.332677,5,533.9387584704039,食品
CUST0110,2026-06-06 01:41:12.332677,29,359.9768253589983,服装
CUST0111,2026-02-19 01:41:12.332677,47,717.9329730032923,美妆
CUST0112,2025-12-15 01:41:12.332677,4,806.7956241699134,数码
CUST0113,2025-08-10 01:41:12.332677,12,50.18085438881218,美妆
CUST0114,2025-10-09 01:41:12.332677,45,363.4015339297755,服装
CUST0115,2026-06-01 01:41:12.332677,2,511.8284244544845,美妆
CUST0116,2026-05-17 01:41:12.332677,27,725.2234052030761,美妆
CUST0117,2026-05-03 01:41:12.332677,31,409.1511449693475,服装
CUST0118,2025-11-30 01:41:12.332677,36,496.01292095083795,食品
CUST0119,2025-09-14 01:41:12.332677,36,268.6511549896103,数码
CUST0120,2026-03-27 01:41:12.332677,26,193.44082954753088,服装
CUST0121,2026-01-13 01:41:12.332677,43,789.0769379165868,家居
CUST0122,2025-07-09 01:41:12.332677,27,135.18602522141265,食品
CUST0123,2025-12-02 01:41:12.332677,5,965.7238016843132,家居
CUST0124,2026-05-30 01:41:12.332677,20,645.0302798763483,食品
CUST0125,2025-11-19 01:41:12.332677,11,635.9946151033512,数码
CUST0126,2026-03-25 01:41:12.332677,10,615.093733498886,数码
CUST0127,2026-02-23 01:41:12.332677,40,449.4628623998072,美妆
CUST0128,2025-10-20 01:41:12.332677,38,578.4169059401738,家居
CUST0129,2026-06-29 01:41:12.332677,6,462.22066244310497,食品
CUST0130,2025-11-28 01:41:12.332677,8,610.614655288096,数码
CUST0131,2025-10-22 01:41:12.332677,23,493.2626946182568,服装
CUST0132,2025-07-10 01:41:12.332677,47,309.93036337965304,数码
CUST0133,2025-09-24 01:41:12.332677,26,325.8854767476488,服装
CUST0134,2025-12-09 01:41:12.332677,46,303.1455249414993,食品
CUST0135,2026-06-19 01:41:12.332677,43,694.1801463868619,数码
CUST0136,2025-07-23 01:41:12.332677,12,376.5106775081804,数码
CUST0137,2026-05-23 01:41:12.332677,26,117.57936778302798,食品
CUST0138,2026-01-06 01:41:12.332677,13,579.3677331697611,数码
CUST0139,2026-05-02 01:41:12.332677,40,802.9035125179163,服装
CUST0140,2025-07-17 01:41:12.332677,18,654.6166378355053,数码
CUST0141,2025-11-15 01:41:12.332677,25,379.3352869556576,家居
CUST0142,2025-11-05 01:41:12.332677,33,182.63765688098215,美妆
CUST0143,2026-05-13 01:41:12.332677,47,473.1463793284979,服装
CUST0144,2026-03-30 01:41:12.332677,40,468.15522438065796,家居
CUST0145,2025-11-24 01:41:12.332677,43,306.1600779372468,食品
CUST0146,2025-11-15 01:41:12.332677,12,610.2074604485075,服装
CUST0147,2025-11-09 01:41:12.332677,44,869.3253001660946,美妆
CUST0148,2026-02-11 01:41:12.332677,36,544.4565434916568,美妆
CUST0149,2026-01-14 01:41:12.332677,48,532.0952413997692,食品
CUST0150,2026-06-05 01:41:12.332677,4,312.5543902332355,食品
CUST0151,2026-05-29 01:41:12.332677,5,779.4829406120743,服装
CUST0152,2026-06-21 01:41:12.332677,37,484.97116663799665,数码
CUST0153,2026-01-25 01:41:12.332677,8,384.20734896116585,食品
CUST0154,2025-08-11 01:41:12.332677,42,512.7376787303232,数码
CUST0155,2025-12-29 01:41:12.332677,49,594.3922666493218,家居
CUST0156,2025-11-03 01:41:12.332677,28,527.8430817289806,美妆
CUST0157,2026-04-09 01:41:12.332677,31,741.2306791341183,数码
CUST0158,2025-09-23 01:41:12.332677,9,576.7943105093725,美妆
CUST0159,2026-04-29 01:41:12.332677,29,443.21163782349305,数码
CUST0160,2026-01-15 01:41:12.332677,14,580.238443265378,家居
CUST0161,2026-05-20 01:41:12.332677,40,599.9274202251914,食品
CUST0162,2026-05-03 01:41:12.332677,41,240.7248161472316,家居
CUST0163,2026-02-20 01:41:12.332677,22,729.883945652743,食品
CUST0164,2025-09-23 01:41:12.332677,11,439.81919612772816,食品
CUST0165,2026-06-06 01:41:12.332677,23,444.935355298914,美妆
CUST0166,2026-03-18 01:41:12.332677,1,650.2751974151892,家居
CUST0167,2026-05-21 01:41:12.332677,46,649.4330448519163,数码
CUST0168,2025-07-29 01:41:12.332677,37,359.83366422678284,家居
CUST0169,2025-09-21 01:41:12.332677,21,660.5803236291372,美妆
CUST0170,2025-08-07 01:41:12.332677,26,387.9103697020952,食品
CUST0171,2026-02-26 01:41:12.332677,46,863.9146093397311,美妆
CUST0172,2025-07-21 01:41:12.332677,36,334.36120374684725,服装
CUST0173,2025-11-15 01:41:12.332677,23,547.8954923411793,服装
CUST0174,2025-12-26 01:41:12.332677,1,343.5964726184785,数码
CUST0175,2025-11-21 01:41:12.332677,40,944.539125827015,美妆
CUST0176,2025-09-24 01:41:12.332677,15,252.4358111825768,数码
CUST0177,2026-03-05 01:41:12.332677,21,604.8725494505821,数码
CUST0178,2026-03-10 01:41:12.332677,47,353.01791710444013,服装
CUST0179,2025-11-13 01:41:12.332677,9,429.1784717104026,数码
CUST0180,2025-10-18 01:41:12.332677,9,590.7075667490352,服装
CUST0181,2025-07-10 01:41:12.332677,10,744.9168875252286,食品
CUST0182,2025-12-18 01:41:12.332677,26,824.6793124598091,美妆
CUST0183,2026-02-17 01:41:12.332677,41,192.6104079947359,数码
CUST0184,2025-08-20 01:41:12.332677,35,553.5502448728924,服装
CUST0185,2026-01-20 01:41:12.332677,25,791.8987206767043,家居
CUST0186,2025-11-21 01:41:12.332677,26,162.93781224761187,数码
CUST0187,2025-08-31 01:41:12.332677,11,562.8766988109694,食品
CUST0188,2025-11-12 01:41:12.332677,38,499.5832405159632,食品
CUST0189,2026-01-13 01:41:12.332677,2,582.9083628759577,家居
CUST0190,2026-02-02 01:41:12.332677,7,345.53919493470494,服装
CUST0191,2025-08-23 01:41:12.332677,18,212.876234357312,数码
CUST0192,2026-01-25 01:41:12.332677,27,117.37871496419501,服装
CUST0193,2026-03-30 01:41:12.332677,34,695.2767906924206,食品
CUST0194,2025-11-13 01:41:12.332677,27,720.8098272966707,服装
CUST0195,2026-01-05 01:41:12.332677,17,560.5370697991972,食品
CUST0196,2026-03-13 01:41:12.332677,43,393.17033006238063,服装
CUST0197,2025-08-20 01:41:12.332677,44,175.3908213068509,家居
CUST0198,2026-05-13 01:41:12.332677,24,612.6690925010048,美妆
CUST0199,2025-10-09 01:41:12.332677,25,279.84414343266303,家居
CUST0200,2025-09-12 01:41:12.332677,7,357.74027504789245,家居
CUST0201,2026-03-13 01:41:12.332677,6,382.6871840874563,美妆
CUST0202,2026-03-25 01:41:12.332677,24,460.4929548606064,美妆
CUST0203,2026-03-13 01:41:12.332677,33,348.19191055827037,数码
CUST0204,2026-04-14 01:41:12.332677,49,506.6917541984605,数码
CUST0205,2025-12-29 01:41:12.332677,29,375.63633989872176,家居
CUST0206,2026-03-13 01:41:12.332677,43,640.2746129678445,家居
CUST0207,2026-07-02 01:41:12.332677,22,706.2125827976107,食品
CUST0208,2026-02-24 01:41:12.332677,26,521.7085352056877,食品
CUST0209,2025-11-26 01:41:12.332677,28,592.5252670762205,数码
CUST0210,2026-05-11 01:41:12.332677,21,923.571189925178,数码
CUST0211,2025-07-26 01:41:12.332677,49,265.4793486277368,食品
CUST0212,2025-11-22 01:41:12.332677,7,253.30637974397888,食品
CUST0213,2025-11-21 01:41:12.332677,17,638.9995801553749,服装
CUST0214,2026-02-28 01:41:12.332677,20,889.3085675029531,服装
CUST0215,2026-02-24 01:41:12.332677,41,447.90028761225545,食品
CUST0216,2026-05-12 01:41:12.332677,49,845.3667684437521,服装
CUST0217,2026-01-13 01:41:12.332677,20,519.286743758698,美妆
CUST0218,2025-11-28 01:41:12.332677,22,363.82254359218365,数码
CUST0219,2026-01-25 01:41:12.332677,28,301.8615222724593,数码
CUST0220,2025-12-18 01:41:12.332677,40,625.8827169773575,食品
CUST0221,2025-10-30 01:41:12.332677,49,317.00818644346066,家居
CUST0222,2025-08-14 01:41:12.332677,7,516.2553685534056,食品
CUST0223,2025-12-13 01:41:12.332677,1,816.6930050768187,服装
CUST0224,2026-01-01 01:41:12.332677,32,438.6439214257259,家居
CUST0225,2026-03-03 01:41:12.332677,13,762.8018949287798,服装
CUST0226,2025-10-22 01:41:12.332677,30,257.09130205471865,美妆
CUST0227,2025-09-13 01:41:12.332677,23,393.21817973664,服装
CUST0228,2025-09-27 01:41:12.332677,19,218.5711947570167,美妆
CUST0229,2025-08-13 01:41:12.332677,32,514.5993511946715,美妆
CUST0230,2026-03-28 01:41:12.332677,30,656.0156359433165,服装
CUST0231,2025-12-18 01:41:12.332677,29,515.0374175212372,服装
CUST0232,2025-11-06 01:41:12.332677,49,745.4100119940304,美妆
CUST0233,2026-02-10 01:41:12.332677,45,350.16415187417397,家居
CUST0234,2026-03-29 01:41:12.332677,29,545.0685507378134,美妆
CUST0235,2025-12-15 01:41:12.332677,30,394.50613527722874,数码
CUST0236,2026-03-02 01:41:12.332677,16,572.3353170847311,美妆
CUST0237,2025-12-29 01:41:12.332677,40,600.7472092424852,家居
CUST0238,2025-08-12 01:41:12.332677,19,616.4791919968126,数码
CUST0239,2025-07-20 01:41:12.332677,18,285.8811323528796,食品
CUST0240,2025-10-18 01:41:12.332677,1,322.0507796426863,食品
CUST0241,2026-02-06 01:41:12.332677,14,359.14245836176224,家居
CUST0242,2025-10-25 01:41:12.332677,47,452.22385042668054,美妆
CUST0243,2025-07-23 01:41:12.332677,2,517.437280841286,服装
CUST0244,2026-02-07 01:41:12.332677,28,641.6178243713352,家居
CUST0245,2026-02-06 01:41:12.332677,49,330.3802601321537,数码
CUST0246,2025-07-17 01:41:12.332677,30,179.7961404596495,数码
CUST0247,2025-12-17 01:41:12.332677,38,931.1486326413581,食品
CUST0248,2025-08-30 01:41:12.332677,4,273.70939586951397,数码
CUST0249,2026-02-26 01:41:12.332677,1,667.2647445991103,家居
CUST0250,2026-05-26 01:41:12.332677,8,506.2533754497349,数码
CUST0251,2025-07-31 01:41:12.332677,29,550.2611281612761,家居
CUST0252,2025-07-09 01:41:12.332677,39,499.68989883281944,服装
CUST0253,2026-02-25 01:41:12.332677,3,423.0316236105749,食品
CUST0254,2025-10-10 01:41:12.332677,32,592.7944565846918,数码
CUST0255,2026-02-03 01:41:12.332677,10,412.28255874854085,家居
CUST0256,2025-09-09 01:41:12.332677,10,733.2605494473579,美妆
CUST0257,2026-03-27 01:41:12.332677,19,613.6882012512309,食品
CUST0258,2025-10-14 01:41:12.332677,46,619.9188226562987,服装
CUST0259,2025-10-25 01:41:12.332677,34,398.57538798868194,家居
CUST0260,2026-02-10 01:41:12.332677,33,452.72905258220084,服装
CUST0261,2025-07-23 01:41:12.332677,23,262.417438271587,服装
CUST0262,2026-03-14 01:41:12.332677,28,429.3967886548876,数码
CUST0263,2026-05-05 01:41:12.332677,32,292.68481672874054,数码
CUST0264,2026-07-02 01:41:12.332677,7,762.613703117743,家居
CUST0265,2025-09-03 01:41:12.332677,29,510.1071631188012,美妆
CUST0266,2025-10-23 01:41:12.332677,8,534.0994470080861,家居
CUST0267,2026-02-14 01:41:12.332677,1,454.97069452999574,美妆
CUST0268,2026-05-28 01:41:12.332677,3,539.5157844102815,服装
CUST0269,2026-01-25 01:41:12.332677,24,992.9755271715367,食品
CUST0270,2026-06-25 01:41:12.332677,23,439.97194312150174,家居
CUST0271,2025-11-13 01:41:12.332677,8,369.91739305800127,家居
CUST0272,2026-03-27 01:41:12.332677,47,605.9386265810886,美妆
CUST0273,2026-02-07 01:41:12.332677,37,50.0,服装
CUST0274,2025-09-03 01:41:12.332677,3,512.7913573821866,服装
CUST0275,2025-12-08 01:41:12.332677,33,425.6574193414198,美妆
CUST0276,2026-02-23 01:41:12.332677,28,301.53734679278114,服装
CUST0277,2026-02-02 01:41:12.332677,47,601.5515340623,数码
CUST0278,2026-05-11 01:41:12.332677,8,510.7976836891586,食品
CUST0279,2026-03-06 01:41:12.332677,34,139.51821850115658,家居
CUST0280,2026-01-24 01:41:12.332677,35,370.6940957615125,食品
CUST0281,2026-03-10 01:41:12.332677,32,50.0,家居
CUST0282,2026-04-20 01:41:12.332677,24,558.6538628267006,数码
CUST0283,2026-03-13 01:41:12.332677,14,556.6598836880314,服装
CUST0284,2026-03-22 01:41:12.332677,32,341.3436212332653,美妆
CUST0285,2025-07-29 01:41:12.332677,46,608.0225423366253,数码
CUST0286,2025-10-23 01:41:12.332677,43,243.5002757756955,食品
CUST0287,2025-11-19 01:41:12.332677,16,306.6965948130014,美妆
CUST0288,2026-03-14 01:41:12.332677,4,583.4380928765129,服装
CUST0289,2026-03-27 01:41:12.332677,37,362.2666490074114,数码
CUST0290,2026-02-01 01:41:12.332677,21,487.4686087595111,美妆
CUST0291,2025-07-20 01:41:12.332677,14,387.27019451473143,数码
CUST0292,2025-07-31 01:41:12.332677,31,417.81376874016314,数码
CUST0293,2025-12-22 01:41:12.332677,48,426.5551568090014,服装
CUST0294,2025-08-28 01:41:12.332677,18,358.6486485563645,家居
CUST0295,2026-01-22 01:41:12.332677,7,560.4899428720248,美妆
CUST0296,2025-12-08 01:41:12.332677,10,374.41430264921013,服装
CUST0297,2026-01-16 01:41:12.332677,7,503.13734275912043,数码
CUST0298,2026-01-24 01:41:12.332677,33,354.25366372511934,服装
CUST0299,2026-04-27 01:41:12.332677,23,193.1402747231083,家居
CUST0300,2025-09-18 01:41:12.332677,21,682.4870498518333,美妆
CUST0301,2025-09-30 01:41:12.332677,19,599.9053970190816,家居
CUST0302,2025-09-03 01:41:12.332677,48,957.7364137595343,食品
CUST0303,2026-02-19 01:41:12.332677,19,291.20543200034837,美妆
CUST0304,2025-12-21 01:41:12.332677,36,458.2079025335939,家居
CUST0305,2026-02-26 01:41:12.332677,29,474.2985038288388,数码
CUST0306,2026-06-01 01:41:12.332677,18,697.8738876564263,美妆
CUST0307,2026-01-09 01:41:12.332677,2,398.5784211734783,美妆
CUST0308,2026-06-12 01:41:12.332677,1,265.7916291648291,服装
CUST0309,2025-11-08 01:41:12.332677,47,741.5618616922004,数码
CUST0310,2026-01-27 01:41:12.332677,5,436.6699941477544,食品
CUST0311,2026-05-27 01:41:12.332677,20,675.7287019452086,家居
CUST0312,2025-11-16 01:41:12.332677,11,652.4396801584422,服装
CUST0313,2026-05-14 01:41:12.332677,42,494.0219052195401,家居
CUST0314,2025-10-13 01:41:12.332677,2,465.1372589930504,食品
CUST0315,2025-09-24 01:41:12.332677,3,421.6870387340391,食品
CUST0316,2026-06-07 01:41:12.332677,23,496.96137424600215,美妆
CUST0317,2025-11-20 01:41:12.332677,12,672.6200452341262,食品
CUST0318,2025-09-30 01:41:12.332677,20,340.71196378808406,家居
CUST0319,2025-09-21 01:41:12.332677,5,521.769126041824,数码
CUST0320,2026-03-29 01:41:12.332677,37,276.2737143602385,数码
CUST0321,2025-09-23 01:41:12.332677,38,301.1787533915615,美妆
CUST0322,2025-08-21 01:41:12.332677,30,493.8122005688752,家居
CUST0323,2025-09-03 01:41:12.332677,9,107.96839834123364,家居
CUST0324,2026-02-07 01:41:12.332677,34,912.1117233232103,食品
CUST0325,2026-06-30 01:41:12.332677,44,261.38800901795275,家居
CUST0326,2026-05-30 01:41:12.332677,35,491.9822974686893,服装
CUST0327,2025-12-24 01:41:12.332677,22,733.6435443633729,食品
CUST0328,2026-05-16 01:41:12.332677,44,327.4189322499003,服装
CUST0329,2026-06-17 01:41:12.332677,24,50.0,美妆
CUST0330,2026-01-13 01:41:12.332677,17,411.0108479750657,数码
CUST0331,2025-11-26 01:41:12.332677,10,325.0359239847762,美妆
CUST0332,2026-01-27 01:41:12.332677,30,50.0,数码
CUST0333,2026-05-19 01:41:12.332677,46,556.9779785144398,美妆
CUST0334,2026-06-28 01:41:12.332677,23,541.4187724465903,家居
CUST0335,2026-03-27 01:41:12.332677,32,728.4652909076704,服装
CUST0336,2025-11-13 01:41:12.332677,17,275.83552689592256,数码
CUST0337,2026-05-28 01:41:12.332677,17,180.17270271059743,食品
CUST0338,2025-09-27 01:41:12.332677,14,418.65538339068326,服装
CUST0339,2025-07-20 01:41:12.332677,9,482.33146819818097,食品
CUST0340,2025-09-05 01:41:12.332677,40,684.2699205972992,服装
CUST0341,2026-01-04 01:41:12.332677,2,782.1136010010318,服装
CUST0342,2026-03-31 01:41:12.332677,45,742.8958267814694,美妆
CUST0343,2026-03-27 01:41:12.332677,25,555.3087333785334,数码
CUST0344,2025-12-28 01:41:12.332677,39,659.8998507008296,数码
CUST0345,2026-03-10 01:41:12.332677,9,371.9013130461632,服装
CUST0346,2025-12-25 01:41:12.332677,22,533.6790384950493,家居
CUST0347,2025-10-24 01:41:12.332677,43,261.7419721424388,家居
CUST0348,2026-01-24 01:41:12.332677,46,512.5370793773747,食品
CUST0349,2025-10-21 01:41:12.332677,4,517.7293394796025,食品
CUST0350,2025-08-15 01:41:12.332677,26,844.425721136994,美妆
CUST0351,2026-02-26 01:41:12.332677,29,454.20342770195066,服装
CUST0352,2026-06-16 01:41:12.332677,45,518.0085675306573,食品
CUST0353,2025-09-26 01:41:12.332677,34,547.3922831424086,食品
CUST0354,2025-11-23 01:41:12.332677,23,409.0359368223094,服装
CUST0355,2026-05-11 01:41:12.332677,37,339.5014533576706,美妆
CUST0356,2026-05-07 01:41:12.332677,11,759.7622649694104,食品
CUST0357,2025-08-15 01:41:12.332677,6,303.8165114079404,美妆
CUST0358,2025-07-09 01:41:12.332677,18,234.4163856625454,数码
CUST0359,2026-01-11 01:41:12.332677,21,636.0530758590961,美妆
CUST0360,2025-09-27 01:41:12.332677,42,731.562968404802,家居
CUST0361,2026-03-12 01:41:12.332677,36,409.7180684798722,家居
CUST0362,2025-09-19 01:41:12.332677,41,412.7893024700241,美妆
CUST0363,2025-07-27 01:41:12.332677,38,556.5087052213586,家居
CUST0364,2026-02-03 01:41:12.332677,34,358.42946465136333,数码
CUST0365,2026-02-27 01:41:12.332677,17,343.65749587760627,服装
CUST0366,2026-01-30 01:41:12.332677,37,675.9185175972732,家居
CUST0367,2025-10-04 01:41:12.332677,25,621.4262201567237,家居
CUST0368,2026-03-22 01:41:12.332677,38,762.2317772636211,美妆
CUST0369,2025-09-08 01:41:12.332677,12,249.48219752690085,数码
CUST0370,2025-10-31 01:41:12.332677,23,399.50750261787664,服装
CUST0371,2026-01-09 01:41:12.332677,42,556.2359124538906,美妆
CUST0372,2026-05-26 01:41:12.332677,22,314.8758300451267,美妆
CUST0373,2026-01-15 01:41:12.332677,21,628.33748743093,数码
CUST0374,2025-10-30 01:41:12.332677,27,744.9254174452664,服装
CUST0375,2026-06-08 01:41:12.332677,31,383.3284055545304,数码
CUST0376,2025-07-14 01:41:12.332677,6,507.7183880454066,服装
CUST0377,2025-09-01 01:41:12.332677,27,791.1237380162233,数码
CUST0378,2026-06-21 01:41:12.332677,40,859.8543150037999,美妆
CUST0379,2025-08-22 01:41:12.332677,34,649.1602502120808,美妆
CUST0380,2025-08-25 01:41:12.332677,12,618.6858346387219,食品
CUST0381,2026-05-29 01:41:12.332677,45,329.25269306301766,家居
CUST0382,2026-01-12 01:41:12.332677,7,571.8418800915682,数码
CUST0383,2026-06-14 01:41:12.332677,10,611.3641681549997,食品
CUST0384,2025-08-17 01:41:12.332677,45,457.92596828779085,家居
CUST0385,2025-10-13 01:41:12.332677,17,381.04474908886755,数码
CUST0386,2026-02-12 01:41:12.332677,26,243.74046530462903,服装
CUST0387,2026-02-11 01:41:12.332677,21,152.45404898974158,家居
CUST0388,2026-04-03 01:41:12.332677,28,110.42329733576742,美妆
CUST0389,2025-07-15 01:41:12.332677,46,615.8885145734523,食品
CUST0390,2025-08-16 01:41:12.332677,2,529.5398650453553,家居
CUST0391,2025-09-19 01:41:12.332677,43,403.2377736917807,家居
CUST0392,2025-12-01 01:41:12.332677,1,433.7087404550722,美妆
CUST0393,2025-07-27 01:41:12.332677,36,542.0941083060969,数码
CUST0394,2026-05-14 01:41:12.332677,26,467.08738579828116,服装
CUST0395,2026-02-01 01:41:12.332677,29,231.88936399923438,美妆
CUST0396,2025-12-30 01:41:12.332677,21,682.60004405486,服装
CUST0397,2026-05-02 01:41:12.332677,11,560.8252341339619,数码
CUST0398,2025-12-26 01:41:12.332677,40,553.1796959627696,家居
CUST0399,2026-03-01 01:41:12.332677,11,667.5125406716745,服装
CUST0400,2026-02-04 01:41:12.332677,36,337.2709287880651,食品
CUST0401,2025-08-24 01:41:12.332677,49,742.7462875451683,食品
CUST0402,2026-05-07 01:41:12.332677,39,471.9914296115524,美妆
CUST0403,2025-07-27 01:41:12.332677,40,677.719776066175,数码
CUST0404,2025-09-02 01:41:12.332677,35,646.889806697531,美妆
CUST0405,2026-01-05 01:41:12.332677,34,292.2396343994888,美妆
CUST0406,2026-01-15 01:41:12.332677,47,600.5800809828272,美妆
CUST0407,2025-08-12 01:41:12.332677,24,565.254934169337,食品
CUST0408,2025-10-06 01:41:12.332677,22,506.06233149886845,食品
CUST0409,2026-05-11 01:41:12.332677,5,481.12564999292374,美妆
CUST0410,2026-03-25 01:41:12.332677,33,482.8213500564417,食品
CUST0411,2025-10-13 01:41:12.332677,36,662.5378851287991,数码
CUST0412,2026-05-12 01:41:12.332677,47,615.582102758302,美妆
CUST0413,2026-05-05 01:41:12.332677,20,506.095770053133,食品
CUST0414,2026-03-18 01:41:12.332677,19,201.61277070572504,服装
CUST0415,2026-06-29 01:41:12.332677,35,598.8886828167238,美妆
CUST0416,2026-03-23 01:41:12.332677,43,644.7227238355558,美妆
CUST0417,2025-12-20 01:41:12.332677,17,960.0820170893941,数码
CUST0418,2025-10-15 01:41:12.332677,45,715.0866126210076,家居
CUST0419,2025-07-19 01:41:12.332677,43,120.1647224169065,家居
CUST0420,2026-05-18 01:41:12.332677,34,515.6858798037285,数码
CUST0421,2025-07-14 01:41:12.332677,9,862.2750057329963,数码
CUST0422,2025-08-27 01:41:12.332677,26,624.7097713803274,数码
CUST0423,2025-08-30 01:41:12.332677,2,565.7304320746418,家居
CUST0424,2026-02-10 01:41:12.332677,9,680.0457317830471,数码
CUST0425,2025-10-08 01:41:12.332677,9,375.5243610018394,食品
CUST0426,2026-03-02 01:41:12.332677,40,595.6179993254912,美妆
CUST0427,2026-03-20 01:41:12.332677,17,449.9063922016179,美妆
CUST0428,2026-01-27 01:41:12.332677,1,496.0753028379051,服装
CUST0429,2026-02-07 01:41:12.332677,25,665.6909031390213,服装
CUST0430,2026-02-09 01:41:12.332677,43,314.6573795015637,美妆
CUST0431,2026-03-06 01:41:12.332677,40,757.5964947603877,食品
CUST0432,2025-08-19 01:41:12.332677,42,415.43760778289135,家居
CUST0433,2025-10-02 01:41:12.332677,25,552.1325666300814,家居
CUST0434,2026-04-03 01:41:12.332677,39,219.8984079450114,食品
CUST0435,2026-05-07 01:41:12.332677,35,643.9674581742781,家居
CUST0436,2025-07-23 01:41:12.332677,3,789.3007871893155,数码
CUST0437,2025-11-17 01:41:12.332677,37,397.07169015637055,美妆
CUST0438,2026-03-09 01:41:12.332677,44,277.95532269808007,美妆
CUST0439,2025-08-20 01:41:12.332677,44,555.5966129485417,食品
CUST0440,2025-09-28 01:41:12.332677,30,790.9621289983486,家居
CUST0441,2026-02-27 01:41:12.332677,38,210.02868690381882,服装
CUST0442,2026-02-25 01:41:12.332677,34,278.7383637543316,服装
CUST0443,2026-05-07 01:41:12.332677,12,409.16208833769684,家居
CUST0444,2026-03-04 01:41:12.332677,19,335.9312350938609,服装
CUST0445,2026-07-03 01:41:12.332677,37,336.56290667820093,食品
CUST0446,2025-11-07 01:41:12.332677,44,81.17587446724457,食品
CUST0447,2025-09-17 01:41:12.332677,49,617.8113894811735,家居
CUST0448,2026-03-30 01:41:12.332677,17,567.7441005739271,服装
CUST0449,2026-02-28 01:41:12.332677,10,160.2301600392709,食品
CUST0450,2026-03-08 01:41:12.332677,49,791.4391519912492,食品
CUST0451,2026-05-17 01:41:12.332677,47,836.2184629860975,数码
CUST0452,2026-04-06 01:41:12.332677,12,349.81889004397715,数码
CUST0453,2025-11-09 01:41:12.332677,16,733.3097181954012,食品
CUST0454,2025-10-05 01:41:12.332677,24,385.4004390018108,家居
CUST0455,2025-12-27 01:41:12.332677,19,536.2233020422121,美妆
CUST0456,2025-12-24 01:41:12.332677,8,332.8475729958182,美妆
CUST0457,2026-04-26 01:41:12.332677,31,942.8503046924552,食品
CUST0458,2025-09-29 01:41:12.332677,21,440.7965545340204,食品
CUST0459,2025-07-20 01:41:12.332677,17,525.2898045646924,食品
CUST0460,2025-10-30 01:41:12.332677,23,362.4125225072346,家居
CUST0461,2026-04-19 01:41:12.332677,37,872.263119447279,数码
CUST0462,2026-01-31 01:41:12.332677,16,877.3229292178821,食品
CUST0463,2026-02-10 01:41:12.332677,6,826.185836252588,食品
CUST0464,2026-04-09 01:41:12.332677,8,691.2880696695244,服装
CUST0465,2025-12-31 01:41:12.332677,25,375.0420906131895,家居
CUST0466,2025-09-22 01:41:12.332677,18,665.5700191924836,食品
CUST0467,2025-11-26 01:41:12.332677,25,498.5914402150529,服装
CUST0468,2026-04-26 01:41:12.332677,12,762.4817243485264,美妆
CUST0469,2026-05-18 01:41:12.332677,15,723.1804106730723,食品
CUST0470,2026-04-01 01:41:12.332677,26,370.1468843848151,食品
CUST0471,2025-11-08 01:41:12.332677,41,689.5651605674432,服装
CUST0472,2025-12-12 01:41:12.332677,45,636.4068900087852,家居
CUST0473,2025-11-28 01:41:12.332677,26,50.0,食品
CUST0474,2025-07-28 01:41:12.332677,47,660.1873279258924,美妆
CUST0475,2026-05-26 01:41:12.332677,32,413.6408422719588,食品
CUST0476,2026-03-26 01:41:12.332677,10,322.7915091336653,美妆
CUST0477,2025-09-18 01:41:12.332677,16,331.3478791412515,数码
CUST0478,2025-10-23 01:41:12.332677,7,472.9514208735937,数码
CUST0479,2025-11-24 01:41:12.332677,17,596.0119160173367,美妆
CUST0480,2025-07-12 01:41:12.332677,23,226.90759556156394,家居
CUST0481,2026-06-11 01:41:12.332677,26,537.9695672424929,食品
CUST0482,2025-10-27 01:41:12.332677,21,615.3516132386144,食品
CUST0483,2026-06-24 01:41:12.332677,22,872.3611567339262,数码
CUST0484,2025-10-31 01:41:12.332677,7,284.661966154974,美妆
CUST0485,2025-08-13 01:41:12.332677,14,430.07756264443924,食品
CUST0486,2026-03-26 01:41:12.332677,15,552.3325945392958,食品
CUST0487,2025-09-17 01:41:12.332677,7,729.4818660383212,家居
CUST0488,2026-01-05 01:41:12.332677,9,439.15522376563723,服装
CUST0489,2025-11-23 01:41:12.332677,48,739.7282743982103,数码
CUST0490,2025-10-27 01:41:12.332677,8,112.52753670470804,数码
CUST0491,2026-02-07 01:41:12.332677,23,249.3303613756228,服装
CUST0492,2026-03-30 01:41:12.332677,29,569.7288688668441,食品
CUST0493,2025-10-20 01:41:12.332677,18,217.83510038242497,家居
CUST0494,2025-08-13 01:41:12.332677,31,265.1058946466566,家居
CUST0495,2026-06-30 01:41:12.332677,30,394.44462715081215,数码
CUST0496,2026-06-18 01:41:12.332677,39,654.2877983831648,家居
CUST0497,2025-09-27 01:41:12.332677,35,120.80703173854215,服装
CUST0498,2025-08-02 01:41:12.332677,18,534.0596724324788,食品
CUST0499,2025-10-30 01:41:12.332677,42,706.5927894305612,服装
CUST0500,2025-10-19 01:41:12.332677,39,461.0109583142083,美妆
CUST0501,2026-01-25 01:41:12.332677,17,426.23395408149196,数码
CUST0502,2025-07-29 01:41:12.332677,14,580.3542565117148,家居
CUST0503,2026-02-02 01:41:12.332677,31,461.577789455712,美妆
CUST0504,2026-01-07 01:41:12.332677,24,778.0999562481493,家居
CUST0505,2026-01-22 01:41:12.332677,35,277.717397573113,食品
CUST0506,2026-06-01 01:41:12.332677,44,489.67116896698303,食品
CUST0507,2026-01-06 01:41:12.332677,45,541.1372749921368,食品
CUST0508,2026-03-25 01:41:12.332677,34,424.3091896307081,家居
CUST0509,2025-10-09 01:41:12.332677,3,50.0,美妆
CUST0510,2025-08-15 01:41:12.332677,37,467.81901839016143,食品
CUST0511,2026-04-30 01:41:12.332677,43,680.0353973824933,美妆
CUST0512,2026-01-17 01:41:12.332677,40,655.6218372252035,家居
CUST0513,2025-08-08 01:41:12.332677,26,570.95569643404,美妆
CUST0514,2026-05-22 01:41:12.332677,23,280.42752833015527,家居
CUST0515,2026-05-21 01:41:12.332677,44,579.0618924916968,家居
CUST0516,2025-09-22 01:41:12.332677,39,385.3124356915524,数码
CUST0517,2026-06-22 01:41:12.332677,15,570.6965811897334,家居
CUST0518,2026-03-31 01:41:12.332677,49,524.3010022803431,家居
CUST0519,2025-09-05 01:41:12.332677,4,304.72494574332563,服装
CUST0520,2025-10-24 01:41:12.332677,29,321.5088321286193,食品
CUST0521,2025-11-04 01:41:12.332677,22,571.0044908843033,数码
CUST0522,2026-05-30 01:41:12.332677,25,455.77738094229966,数码
CUST0523,2025-12-01 01:41:12.332677,13,331.9437138685742,数码
CUST0524,2025-08-01 01:41:12.332677,18,315.4339620546334,服装
CUST0525,2026-04-05 01:41:12.332677,33,439.23383040275684,家居
CUST0526,2025-10-13 01:41:12.332677,16,813.620958943642,食品
CUST0527,2026-04-02 01:41:12.332677,45,394.78439355760827,美妆
CUST0528,2026-04-05 01:41:12.332677,42,497.19609234848224,家居
CUST0529,2026-03-11 01:41:12.332677,44,520.328857537902,服装
CUST0530,2026-03-21 01:41:12.332677,2,273.7947217016114,家居
CUST0531,2025-12-20 01:41:12.332677,35,147.43350323146097,家居
CUST0532,2025-08-24 01:41:12.332677,42,294.6718530528538,服装
CUST0533,2026-03-12 01:41:12.332677,34,549.4154755612607,数码
CUST0534,2026-04-20 01:41:12.332677,30,517.4662115830819,数码
CUST0535,2025-11-29 01:41:12.332677,13,640.481313830213,食品
CUST0536,2025-09-30 01:41:12.332677,13,519.3499789918233,食品
CUST0537,2025-10-28 01:41:12.332677,18,478.0901417061593,数码
CUST0538,2026-01-21 01:41:12.332677,32,379.1975450149746,美妆
CUST0539,2025-07-12 01:41:12.332677,32,676.9213579725385,家居
CUST0540,2025-12-24 01:41:12.332677,35,316.16397225585666,美妆
CUST0541,2025-11-19 01:41:12.332677,39,277.92009654079584,家居
CUST0542,2026-01-08 01:41:12.332677,46,613.4111034776206,数码
CUST0543,2026-03-27 01:41:12.332677,29,233.368537869269,食品
CUST0544,2026-05-29 01:41:12.332677,49,982.9581997317263,食品
CUST0545,2026-03-30 01:41:12.332677,29,515.9986761118287,美妆
CUST0546,2026-02-02 01:41:12.332677,44,569.5812232649771,食品
CUST0547,2026-02-03 01:41:12.332677,16,338.3160350953226,数码
CUST0548,2025-12-26 01:41:12.332677,44,436.94703115169074,美妆
CUST0549,2025-11-22 01:41:12.332677,47,414.64857662352915,家居
CUST0550,2026-05-28 01:41:12.332677,10,391.63300246627165,食品
CUST0551,2025-10-09 01:41:12.332677,30,626.5923503019653,服装
CUST0552,2026-01-02 01:41:12.332677,25,410.0847923549438,食品
CUST0553,2026-06-21 01:41:12.332677,39,703.5002458168362,家居
CUST0554,2025-09-28 01:41:12.332677,20,1032.6364700239646,美妆
CUST0555,2025-11-29 01:41:12.332677,5,440.89175197069017,家居
CUST0556,2025-07-14 01:41:12.332677,1,530.4631027153248,服装
CUST0557,2025-07-08 01:41:12.332677,30,575.8964114331015,数码
CUST0558,2025-09-21 01:41:12.332677,49,862.3009625187033,食品
CUST0559,2025-10-04 01:41:12.332677,3,483.4704429923622,美妆
CUST0560,2026-05-03 01:41:12.332677,45,334.19661606832744,数码
CUST0561,2026-04-11 01:41:12.332677,14,246.73189887485916,家居
CUST0562,2025-11-29 01:41:12.332677,30,488.4032105135532,美妆
CUST0563,2025-07-27 01:41:12.332677,4,410.32395618922357,数码
CUST0564,2025-12-29 01:41:12.332677,18,902.0018578600003,美妆
CUST0565,2026-06-15 01:41:12.332677,37,853.9724841353932,服装
CUST0566,2026-01-08 01:41:12.332677,25,293.12543441528044,服装
CUST0567,2026-03-26 01:41:12.332677,48,357.8479792901643,食品
CUST0568,2025-11-13 01:41:12.332677,1,514.7540215773772,食品
CUST0569,2026-04-19 01:41:12.332677,46,779.4452845117526,服装
CUST0570,2025-10-12 01:41:12.332677,15,511.40262727421026,美妆
CUST0571,2025-09-23 01:41:12.332677,9,370.5518724023907,服装
CUST0572,2025-12-10 01:41:12.332677,15,488.22363801945505,食品
CUST0573,2025-11-23 01:41:12.332677,49,374.3030272207907,服装
CUST0574,2026-05-13 01:41:12.332677,24,620.4954418878964,服装
CUST0575,2025-07-30 01:41:12.332677,4,358.193257667059,美妆
CUST0576,2026-02-10 01:41:12.332677,12,397.91278951460663,数码
CUST0577,2026-04-26 01:41:12.332677,37,732.3867626912192,食品
CUST0578,2026-03-27 01:41:12.332677,37,346.3270105371856,美妆
CUST0579,2026-06-09 01:41:12.332677,43,210.7743934879676,服装
CUST0580,2026-05-12 01:41:12.332677,6,518.9987502712609,服装
CUST0581,2026-02-03 01:41:12.332677,39,427.9053191590808,数码
CUST0582,2026-02-10 01:41:12.332677,46,602.2831001859907,食品
CUST0583,2026-05-08 01:41:12.332677,24,563.494386946218,食品
CUST0584,2026-05-26 01:41:12.332677,11,493.6163010713276,家居
CUST0585,2026-03-17 01:41:12.332677,13,487.7913149060009,食品
CUST0586,2026-01-04 01:41:12.332677,34,352.828310135433,数码
CUST0587,2026-05-23 01:41:12.332677,25,516.6694141986486,家居
CUST0588,2025-12-30 01:41:12.332677,7,676.2569562865538,家居
CUST0589,2025-11-23 01:41:12.332677,4,305.3106517201048,服装
CUST0590,2026-03-04 01:41:12.332677,8,498.92052472769313,服装
CUST0591,2026-02-21 01:41:12.332677,20,707.6777511469223,食品
CUST0592,2026-01-22 01:41:12.332677,29,601.0848186433399,家居
CUST0593,2025-12-01 01:41:12.332677,45,761.8945792701426,服装
CUST0594,2025-11-25 01:41:12.332677,46,386.3715340331331,数码
CUST0595,2025-11-11 01:41:12.332677,10,133.8463103210268,服装
CUST0596,2025-08-07 01:41:12.332677,43,540.1303607911374,服装
CUST0597,2026-02-08 01:41:12.332677,34,572.5141630052971,家居
CUST0598,2025-11-07 01:41:12.332677,26,773.684390894535,家居
CUST0599,2026-04-19 01:41:12.332677,41,737.6291469413968,美妆
CUST0600,2026-06-25 01:41:12.332677,49,607.3487246024923,数码
CUST0601,2026-04-21 01:41:12.332677,3,653.0780428340868,家居
CUST0602,2025-10-24 01:41:12.332677,6,461.63570835867216,食品
CUST0603,2025-11-16 01:41:12.332677,5,256.17707773615666,数码
CUST0604,2026-06-27 01:41:12.332677,5,523.544243476182,数码
CUST0605,2026-01-11 01:41:12.332677,47,696.5146927255555,家居
CUST0606,2026-02-13 01:41:12.332677,23,631.2721739657097,数码
CUST0607,2026-01-17 01:41:12.332677,49,666.7614678318729,家居
CUST0608,2026-01-15 01:41:12.332677,9,414.4488625906496,服装
CUST0609,2025-09-24 01:41:12.332677,35,446.89063239631525,美妆
CUST0610,2026-03-04 01:41:12.332677,20,596.6850976229207,服装
CUST0611,2025-12-22 01:41:12.332677,49,390.6985210982491,家居
CUST0612,2026-06-29 01:41:12.332677,42,396.8565860133996,家居
CUST0613,2026-06-05 01:41:12.332677,35,559.5964472754903,服装
CUST0614,2026-01-20 01:41:12.332677,18,652.1809486313816,食品
CUST0615,2025-07-30 01:41:12.332677,17,460.09426533411823,食品
CUST0616,2026-02-18 01:41:12.332677,24,267.3621077892722,食品
CUST0617,2025-08-17 01:41:12.332677,3,352.839216991434,家居
CUST0618,2025-07-27 01:41:12.332677,32,540.7344169786196,数码
CUST0619,2026-02-09 01:41:12.332677,35,538.304192773193,家居
CUST0620,2025-08-11 01:41:12.332677,38,548.2476275310696,数码
CUST0621,2025-11-29 01:41:12.332677,13,604.2590581191513,服装
CUST0622,2025-09-06 01:41:12.332677,47,501.16211170849,美妆
CUST0623,2026-02-22 01:41:12.332677,25,553.0112089680624,数码
CUST0624,2025-09-15 01:41:12.332677,9,490.99463543422667,食品
CUST0625,2026-04-25 01:41:12.332677,4,729.7466965858878,家居
CUST0626,2025-10-25 01:41:12.332677,14,786.4684062435003,服装
CUST0627,2025-10-02 01:41:12.332677,37,262.1977435239931,食品
CUST0628,2025-07-05 01:41:12.332677,34,448.94961157954936,服装
CUST0629,2026-01-03 01:41:12.332677,11,506.5448983081415,美妆
CUST0630,2026-01-18 01:41:12.332677,41,446.6170575971358,家居
CUST0631,2026-04-04 01:41:12.332677,3,858.5845182661747,家居
CUST0632,2025-12-14 01:41:12.332677,28,544.7910556179469,美妆
CUST0633,2025-07-23 01:41:12.332677,29,338.92563458993124,家居
CUST0634,2026-06-15 01:41:12.332677,9,619.2884679121343,数码
CUST0635,2026-05-26 01:41:12.332677,3,554.1949077692385,服装
CUST0636,2026-02-28 01:41:12.332677,25,560.8385839106843,食品
CUST0637,2026-01-12 01:41:12.332677,34,861.5752317598381,美妆
CUST0638,2026-02-13 01:41:12.332677,12,570.1570351509619,数码
CUST0639,2025-11-04 01:41:12.332677,42,439.2676952252008,食品
CUST0640,2025-11-26 01:41:12.332677,9,108.94471473797978,食品
CUST0641,2026-02-28 01:41:12.332677,15,466.9201963712976,美妆
CUST0642,2026-05-07 01:41:12.332677,40,761.1939834654378,数码
CUST0643,2026-02-06 01:41:12.332677,25,481.76617608876256,食品
CUST0644,2025-08-21 01:41:12.332677,5,51.990020296099374,食品
CUST0645,2025-07-08 01:41:12.332677,11,400.3275215615107,数码
CUST0646,2026-07-03 01:41:12.332677,34,698.5377077825584,家居
CUST0647,2025-07-21 01:41:12.332677,24,609.1634349124031,食品
CUST0648,2025-12-26 01:41:12.332677,15,332.0238206978529,服装
CUST0649,2025-12-25 01:41:12.332677,38,386.94304472018365,数码
CUST0650,2025-08-26 01:41:12.332677,8,417.85826817951664,食品
CUST0651,2026-03-09 01:41:12.332677,5,367.45724562741395,美妆
CUST0652,2026-02-20 01:41:12.332677,48,94.06522645208355,服装
CUST0653,2026-05-07 01:41:12.332677,26,652.7182201239712,食品
CUST0654,2026-05-21 01:41:12.332677,18,751.4119913378186,服装
CUST0655,2026-01-12 01:41:12.332677,6,196.31021120705196,服装
CUST0656,2026-01-25 01:41:12.332677,37,748.7705865172629,家居
CUST0657,2026-01-12 01:41:12.332677,48,479.3953597205568,服装
CUST0658,2025-08-21 01:41:12.332677,13,745.0264696335748,家居
CUST0659,2025-09-04 01:41:12.332677,28,507.59008725808917,数码
CUST0660,2026-02-05 01:41:12.332677,5,527.108918431726,家居
CUST0661,2026-04-15 01:41:12.332677,13,574.4869293964425,美妆
CUST0662,2025-12-03 01:41:12.332677,17,341.98673497294436,食品
CUST0663,2025-12-13 01:41:12.332677,40,738.9348288656043,数码
CUST0664,2025-10-25 01:41:12.332677,45,275.723872385043,数码
CUST0665,2025-11-17 01:41:12.332677,32,419.5866510966659,美妆
CUST0666,2026-01-21 01:41:12.332677,29,604.8529355286338,家居
CUST0667,2025-11-19 01:41:12.332677,3,398.16095190290724,食品
CUST0668,2026-02-07 01:41:12.332677,40,655.5062481629889,家居
CUST0669,2026-06-14 01:41:12.332677,34,775.1732346367912,服装
CUST0670,2026-05-18 01:41:12.332677,40,702.5092002107674,家居
CUST0671,2025-11-13 01:41:12.332677,27,112.77693726427572,数码
CUST0672,2025-09-02 01:41:12.332677,13,525.1693939238714,食品
CUST0673,2026-06-20 01:41:12.332677,45,705.7365221392783,家居
CUST0674,2026-02-11 01:41:12.332677,33,236.65023063558863,食品
CUST0675,2026-07-03 01:41:12.332677,6,644.722117445775,食品
CUST0676,2026-05-11 01:41:12.332677,24,633.4921563278624,服装
CUST0677,2025-10-18 01:41:12.332677,19,257.5820216123469,服装
CUST0678,2026-02-10 01:41:12.332677,16,666.8465331480322,数码
CUST0679,2026-06-22 01:41:12.332677,40,554.539558705987,美妆
CUST0680,2025-08-08 01:41:12.332677,28,630.0763577442538,食品
CUST0681,2025-11-22 01:41:12.332677,33,306.7375228469735,美妆
CUST0682,2025-10-05 01:41:12.332677,48,530.0272232742769,数码
CUST0683,2025-07-11 01:41:12.332677,41,159.02428917353524,食品
CUST0684,2026-01-29 01:41:12.332677,13,50.0,食品
CUST0685,2026-06-26 01:41:12.332677,43,528.16568530555,美妆
CUST0686,2026-03-04 01:41:12.332677,45,720.119521352262,家居
CUST0687,2025-07-21 01:41:12.332677,25,550.587362853016,服装
CUST0688,2026-01-21 01:41:12.332677,42,487.3107872111708,家居
CUST0689,2026-04-05 01:41:12.332677,36,462.4931759890253,美妆
CUST0690,2026-02-18 01:41:12.332677,27,311.4869217113869,服装
CUST0691,2025-12-30 01:41:12.332677,38,455.6278192409387,家居
CUST0692,2025-08-22 01:41:12.332677,7,584.3368936528889,服装
CUST0693,2026-01-07 01:41:12.332677,5,412.9555534398743,食品
CUST0694,2026-06-06 01:41:12.332677,43,650.1173707671553,家居
CUST0695,2025-11-26 01:41:12.332677,45,539.1950067729206,服装
CUST0696,2025-07-12 01:41:12.332677,31,563.3958835546813,服装
CUST0697,2026-05-24 01:41:12.332677,23,677.7325507101921,服装
CUST0698,2025-11-18 01:41:12.332677,42,394.6489134690019,家居
CUST0699,2025-12-24 01:41:12.332677,10,631.8761172373903,数码
CUST0700,2026-02-09 01:41:12.332677,32,422.70465654960515,家居
CUST0701,2025-12-15 01:41:12.332677,43,567.902896763768,美妆
CUST0702,2025-12-04 01:41:12.332677,30,370.8457298726863,家居
CUST0703,2025-11-26 01:41:12.332677,39,317.85923538705356,服装
CUST0704,2025-11-06 01:41:12.332677,31,518.3729491296988,食品
CUST0705,2026-05-19 01:41:12.332677,18,122.95998959577656,家居
CUST0706,2026-05-30 01:41:12.332677,36,440.74651129822365,家居
CUST0707,2025-10-24 01:41:12.332677,2,178.72459887816393,服装
CUST0708,2026-04-13 01:41:12.332677,14,655.8468068627216,食品
CUST0709,2025-10-21 01:41:12.332677,13,710.0221192217829,食品
CUST0710,2025-12-19 01:41:12.332677,29,327.2097557158388,美妆
CUST0711,2025-09-04 01:41:12.332677,12,585.6625924946993,家居
CUST0712,2026-06-24 01:41:12.332677,39,679.8271427374984,食品
CUST0713,2025-08-26 01:41:12.332677,2,680.4938445003567,食品
CUST0714,2025-09-21 01:41:12.332677,32,542.8901667943283,数码
CUST0715,2025-11-04 01:41:12.332677,13,646.8609351122993,数码
CUST0716,2025-10-26 01:41:12.332677,46,370.1337376159212,食品
CUST0717,2026-06-29 01:41:12.332677,27,516.624493131336,美妆
CUST0718,2026-03-07 01:41:12.332677,49,406.5793186418448,食品
CUST0719,2025-09-18 01:41:12.332677,41,353.24240524292725,服装
CUST0720,2026-04-30 01:41:12.332677,17,507.2126782939255,家居
CUST0721,2026-02-08 01:41:12.332677,40,569.5060752316149,美妆
CUST0722,2025-11-22 01:41:12.332677,31,732.7017535909974,服装
CUST0723,2025-11-07 01:41:12.332677,34,553.0311054597775,美妆
CUST0724,2026-01-08 01:41:12.332677,24,628.3861069923103,服装
CUST0725,2025-10-10 01:41:12.332677,45,630.6566346499076,家居
CUST0726,2025-07-28 01:41:12.332677,35,1037.5068731393922,家居
CUST0727,2025-09-25 01:41:12.332677,48,137.99351934548417,数码
CUST0728,2026-05-02 01:41:12.332677,6,362.41322663256443,服装
CUST0729,2025-11-29 01:41:12.332677,19,794.811210497616,数码
CUST0730,2025-07-27 01:41:12.332677,30,429.5973850293052,服装
CUST0731,2025-08-23 01:41:12.332677,7,677.1606275203438,数码
CUST0732,2025-09-24 01:41:12.332677,10,546.0019047525673,家居
CUST0733,2026-01-08 01:41:12.332677,41,921.0404802416022,美妆
CUST0734,2026-03-28 01:41:12.332677,32,277.3891145872576,数码
CUST0735,2026-03-21 01:41:12.332677,34,744.3601105037626,服装
CUST0736,2026-03-27 01:41:12.332677,28,849.9162610544997,服装
CUST0737,2025-08-27 01:41:12.332677,15,297.1162245664001,家居
CUST0738,2026-06-28 01:41:12.332677,30,656.5740487162693,服装
CUST0739,2025-12-19 01:41:12.332677,37,306.90040283418887,食品
CUST0740,2025-07-18 01:41:12.332677,29,506.032314507025,美妆
CUST0741,2026-02-21 01:41:12.332677,22,448.6824139635653,数码
CUST0742,2025-07-11 01:41:12.332677,4,50.0,美妆
CUST0743,2025-10-18 01:41:12.332677,20,584.8468519423798,家居
CUST0744,2026-06-11 01:41:12.332677,32,528.6678335212462,数码
CUST0745,2026-05-12 01:41:12.332677,36,795.815794681152,数码
CUST0746,2026-01-20 01:41:12.332677,4,622.2287309299085,食品
CUST0747,2025-12-14 01:41:12.332677,27,958.1767848157524,家居
CUST0748,2026-04-12 01:41:12.332677,17,521.4084764157427,服装
CUST0749,2026-02-09 01:41:12.332677,12,478.89398959953854,食品
CUST0750,2026-04-10 01:41:12.332677,22,463.1286698565808,食品
CUST0751,2026-04-17 01:41:12.332677,17,412.0822577936452,美妆
CUST0752,2026-07-03 01:41:12.332677,10,58.449816723486265,美妆
CUST0753,2026-05-14 01:41:12.332677,1,455.96107459840846,美妆
CUST0754,2026-01-12 01:41:12.332677,22,86.42905471280153,食品
CUST0755,2025-12-11 01:41:12.332677,26,590.4066689171538,服装
CUST0756,2025-10-17 01:41:12.332677,18,251.98794150588313,数码
CUST0757,2025-09-19 01:41:12.332677,14,321.1334753823161,美妆
CUST0758,2026-05-31 01:41:12.332677,47,366.1179610334897,服装
CUST0759,2025-07-21 01:41:12.332677,29,459.01299243735093,家居
CUST0760,2026-03-31 01:41:12.332677,12,501.3736509878074,美妆
CUST0761,2026-04-23 01:41:12.332677,36,716.8959166146142,数码
CUST0762,2026-05-26 01:41:12.332677,35,384.49398129848925,家居
CUST0763,2026-01-31 01:41:12.332677,12,596.029227244474,家居
CUST0764,2025-10-27 01:41:12.332677,7,1046.1734466447135,数码
CUST0765,2026-01-23 01:41:12.332677,29,575.470140552646,美妆
CUST0766,2026-03-08 01:41:12.332677,11,463.9020422136732,食品
CUST0767,2025-10-18 01:41:12.332677,33,344.16966961434053,数码
CUST0768,2025-09-01 01:41:12.332677,6,461.1336909159343,数码
CUST0769,2025-10-09 01:41:12.332677,47,322.75593127811885,数码
CUST0770,2026-05-11 01:41:12.332677,15,553.7322853367546,家居
CUST0771,2025-11-10 01:41:12.332677,32,520.7088277278787,服装
CUST0772,2025-11-24 01:41:12.332677,11,67.55615581644133,食品
CUST0773,2025-10-26 01:41:12.332677,23,496.2883988467865,美妆
CUST0774,2025-08-25 01:41:12.332677,26,715.2292625280027,美妆
CUST0775,2026-03-14 01:41:12.332677,34,420.17762955945,服装
CUST0776,2025-10-22 01:41:12.332677,46,369.4206455176876,数码
CUST0777,2025-09-04 01:41:12.332677,34,224.45984537662952,食品
CUST0778,2025-12-09 01:41:12.332677,29,128.4015916751191,美妆
CUST0779,2025-11-17 01:41:12.332677,4,666.2698534126508,美妆
CUST0780,2025-07-28 01:41:12.332677,17,463.7043340841608,数码
CUST0781,2026-04-29 01:41:12.332677,35,654.4043124006846,服装
CUST0782,2026-04-20 01:41:12.332677,13,806.2647489158938,食品
CUST0783,2026-03-23 01:41:12.332677,41,684.249536982069,服装
CUST0784,2025-12-24 01:41:12.332677,39,391.52553571224087,服装
CUST0785,2025-10-25 01:41:12.332677,15,528.973532931511,食品
CUST0786,2025-11-20 01:41:12.332677,29,377.0454269686163,食品
CUST0787,2025-09-13 01:41:12.332677,29,358.3423074796674,美妆
CUST0788,2025-09-01 01:41:12.332677,11,568.5630324805247,美妆
CUST0789,2026-03-28 01:41:12.332677,32,333.54122337636545,食品
CUST0790,2025-07-31 01:41:12.332677,2,58.169676182259764,家居
CUST0791,2025-09-21 01:41:12.332677,47,322.3704208545247,美妆
CUST0792,2025-08-03 01:41:12.332677,14,438.62377026252545,家居
CUST0793,2025-07-22 01:41:12.332677,20,804.2796995663844,食品
CUST0794,2025-08-30 01:41:12.332677,22,401.81251002572697,美妆
CUST0795,2025-10-28 01:41:12.332677,11,602.384818205855,服装
CUST0796,2026-01-19 01:41:12.332677,27,466.3383532075861,食品
CUST0797,2025-08-03 01:41:12.332677,3,745.2810287740768,数码
CUST0798,2026-06-04 01:41:12.332677,17,731.4192770927917,家居
CUST0799,2025-10-30 01:41:12.332677,44,735.235021047984,食品
CUST0800,2026-03-20 01:41:12.332677,28,153.2032941165295,食品
CUST0801,2026-05-14 01:41:12.332677,29,541.3448094489988,美妆
CUST0802,2026-04-14 01:41:12.332677,21,651.7877200243895,美妆
CUST0803,2026-02-21 01:41:12.332677,47,576.3077125178662,美妆
CUST0804,2025-09-22 01:41:12.332677,16,627.3192651643658,数码
CUST0805,2026-02-16 01:41:12.332677,37,511.6702008570955,美妆
CUST0806,2026-01-01 01:41:12.332677,20,351.0431586546946,食品
CUST0807,2025-08-08 01:41:12.332677,6,160.58052300274966,美妆
CUST0808,2025-10-04 01:41:12.332677,19,370.8861142703049,服装
CUST0809,2025-07-29 01:41:12.332677,5,1035.6219747276784,美妆
CUST0810,2026-04-26 01:41:12.332677,3,402.86976478186557,数码
CUST0811,2026-05-31 01:41:12.332677,1,108.12195478185123,服装
CUST0812,2025-10-15 01:41:12.332677,38,646.5298721458165,食品
CUST0813,2026-05-12 01:41:12.332677,15,671.092001736529,食品
CUST0814,2025-12-11 01:41:12.332677,34,757.464878030428,家居
CUST0815,2026-02-28 01:41:12.332677,35,594.1957007413561,服装
CUST0816,2025-11-11 01:41:12.332677,49,669.1203028933903,家居
CUST0817,2026-05-22 01:41:12.332677,25,868.0434269683982,服装
CUST0818,2025-11-06 01:41:12.332677,24,350.9053015875769,服装
CUST0819,2026-03-15 01:41:12.332677,12,311.2298589152565,数码
CUST0820,2025-10-28 01:41:12.332677,18,281.0826920894142,家居
CUST0821,2026-02-03 01:41:12.332677,15,446.8460827012034,数码
CUST0822,2026-01-02 01:41:12.332677,44,786.6844839650337,服装
CUST0823,2025-08-02 01:41:12.332677,16,605.613673549247,食品
CUST0824,2026-03-31 01:41:12.332677,27,597.7383905418436,服装
CUST0825,2026-06-26 01:41:12.332677,8,136.13841426705528,数码
CUST0826,2025-07-09 01:41:12.332677,46,361.36263455271614,家居
CUST0827,2026-01-01 01:41:12.332677,25,132.86847342759262,家居
CUST0828,2025-09-26 01:41:12.332677,17,734.2491578643087,数码
CUST0829,2025-12-21 01:41:12.332677,29,817.1292985771465,家居
CUST0830,2025-07-17 01:41:12.332677,8,655.9133454480763,美妆
CUST0831,2025-12-21 01:41:12.332677,15,302.642790852091,食品
CUST0832,2026-01-30 01:41:12.332677,27,796.4044987231581,食品
CUST0833,2026-04-02 01:41:12.332677,46,449.349017994958,食品
CUST0834,2026-01-25 01:41:12.332677,7,257.1081438494677,家居
CUST0835,2026-05-04 01:41:12.332677,3,307.1191490776615,家居
CUST0836,2026-03-04 01:41:12.332677,29,413.96867288163264,服装
CUST0837,2026-05-14 01:41:12.332677,44,509.91570409694134,服装
CUST0838,2025-09-30 01:41:12.332677,24,467.7311576696413,食品
CUST0839,2026-06-29 01:41:12.332677,3,217.46631636579457,美妆
CUST0840,2026-04-03 01:41:12.332677,20,742.6632818371284,服装
CUST0841,2026-01-15 01:41:12.332677,46,469.87881611263134,服装
CUST0842,2025-08-21 01:41:12.332677,15,357.2492287458698,家居
CUST0843,2026-06-12 01:41:12.332677,25,722.0604723965528,美妆
CUST0844,2025-08-12 01:41:12.332677,30,263.31876234669375,食品
CUST0845,2026-07-03 01:41:12.332677,14,174.22196328509705,服装
CUST0846,2026-02-21 01:41:12.332677,7,754.4974893197478,美妆
CUST0847,2025-11-13 01:41:12.332677,17,878.2775699100678,美妆
CUST0848,2026-06-22 01:41:12.332677,44,407.58079626972034,食品
CUST0849,2025-07-23 01:41:12.332677,20,490.80599841657096,美妆
CUST0850,2026-05-19 01:41:12.332677,36,270.6670570958193,美妆
CUST0851,2026-05-31 01:41:12.332677,9,501.09851004867863,美妆
CUST0852,2026-04-17 01:41:12.332677,38,404.8589472537606,服装
CUST0853,2025-11-28 01:41:12.332677,48,479.57431199300015,食品
CUST0854,2025-09-06 01:41:12.332677,22,581.8516775194485,美妆
CUST0855,2026-04-22 01:41:12.332677,2,280.37090439383064,美妆
CUST0856,2025-09-25 01:41:12.332677,24,427.6377321534865,服装
CUST0857,2025-10-28 01:41:12.332677,8,139.24371564436433,食品
CUST0858,2026-05-18 01:41:12.332677,11,429.00254317734243,家居
CUST0859,2026-03-05 01:41:12.332677,13,481.3131858166001,服装
CUST0860,2025-12-02 01:41:12.332677,17,545.7964850122156,食品
CUST0861,2025-11-07 01:41:12.332677,8,547.9153080726418,美妆
CUST0862,2026-05-09 01:41:12.332677,21,680.7845501473712,食品
CUST0863,2025-07-19 01:41:12.332677,18,192.06669614533604,食品
CUST0864,2026-03-19 01:41:12.332677,30,202.74459400994124,食品
CUST0865,2025-08-19 01:41:12.332677,18,605.791587278504,家居
CUST0866,2026-05-17 01:41:12.332677,46,92.2077445989168,食品
CUST0867,2026-05-04 01:41:12.332677,47,536.6600424209986,家居
CUST0868,2025-08-01 01:41:12.332677,31,263.9414120820212,美妆
CUST0869,2026-06-08 01:41:12.332677,38,814.5629281834363,家居
CUST0870,2025-09-15 01:41:12.332677,32,550.0904815455555,美妆
CUST0871,2025-10-20 01:41:12.332677,11,456.1687960573877,美妆
CUST0872,2026-06-26 01:41:12.332677,45,745.5441754278356,家居
CUST0873,2026-03-13 01:41:12.332677,25,287.31959868580986,服装
CUST0874,2025-07-14 01:41:12.332677,33,325.3180731824383,数码
CUST0875,2025-10-24 01:41:12.332677,38,247.7090332689782,食品
CUST0876,2026-01-05 01:41:12.332677,41,326.9921547302014,数码
CUST0877,2025-12-09 01:41:12.332677,8,512.2231218734776,食品
CUST0878,2025-09-04 01:41:12.332677,11,598.7903743987441,食品
CUST0879,2026-02-27 01:41:12.332677,22,692.2843370735086,美妆
CUST0880,2026-05-09 01:41:12.332677,24,135.05519061985217,食品
CUST0881,2025-12-02 01:41:12.332677,41,465.6274027073417,食品
CUST0882,2026-06-20 01:41:12.332677,17,278.36709376183967,家居
CUST0883,2026-06-06 01:41:12.332677,12,458.9425817023798,数码
CUST0884,2026-04-17 01:41:12.332677,46,966.832716025408,家居
CUST0885,2025-11-30 01:41:12.332677,32,558.372352400003,食品
CUST0886,2026-01-31 01:41:12.332677,15,679.8929942296492,美妆
CUST0887,2026-06-20 01:41:12.332677,16,892.1382544322094,家居
CUST0888,2025-12-29 01:41:12.332677,22,725.4716486349516,家居
CUST0889,2025-08-26 01:41:12.332677,28,410.4171040626031,服装
CUST0890,2026-06-27 01:41:12.332677,20,244.83358268601236,食品
CUST0891,2026-07-01 01:41:12.332677,33,493.9711460958298,美妆
CUST0892,2026-03-15 01:41:12.332677,10,386.4588431562629,家居
CUST0893,2025-11-08 01:41:12.332677,40,195.09574267616517,家居
CUST0894,2025-07-06 01:41:12.332677,32,548.1849994578937,美妆
CUST0895,2025-11-07 01:41:12.332677,33,553.1772596118666,食品
CUST0896,2025-10-03 01:41:12.332677,2,853.8233400526573,服装
CUST0897,2025-09-13 01:41:12.332677,33,427.64738623263725,家居
CUST0898,2025-11-19 01:41:12.332677,33,556.0242777938898,服装
CUST0899,2026-06-19 01:41:12.332677,41,366.90291706195694,数码
CUST0900,2025-12-24 01:41:12.332677,13,674.6338861386932,食品
CUST0901,2026-03-07 01:41:12.332677,30,475.0764407619741,数码
CUST0902,2026-06-06 01:41:12.332677,33,265.4816782294515,数码
CUST0903,2025-12-14 01:41:12.332677,13,497.3056356669684,数码
CUST0904,2026-05-26 01:41:12.332677,26,578.1045795130002,食品
CUST0905,2025-10-04 01:41:12.332677,22,551.0546774827126,食品
CUST0906,2025-11-15 01:41:12.332677,39,709.1793430991738,美妆
CUST0907,2026-04-09 01:41:12.332677,2,210.38872559186206,服装
CUST0908,2026-02-28 01:41:12.332677,38,331.4514819970117,服装
CUST0909,2025-09-07 01:41:12.332677,39,627.9574663591075,美妆
CUST0910,2026-06-09 01:41:12.332677,26,354.94620440778573,美妆
CUST0911,2026-02-09 01:41:12.332677,46,548.0942498660414,数码
CUST0912,2026-06-21 01:41:12.332677,15,50.0,美妆
CUST0913,2025-12-04 01:41:12.332677,34,1043.1893144625765,家居
CUST0914,2026-06-09 01:41:12.332677,42,446.0562936885328,服装
CUST0915,2026-04-27 01:41:12.332677,44,738.7912519976555,美妆
CUST0916,2026-04-28 01:41:12.332677,49,432.62043488330175,家居
CUST0917,2025-11-13 01:41:12.332677,40,582.9397057461774,家居
CUST0918,2026-03-17 01:41:12.332677,11,798.3839292690545,家居
CUST0919,2026-02-08 01:41:12.332677,3,733.1612038416771,家居
CUST0920,2026-03-15 01:41:12.332677,6,459.1090040629551,数码
CUST0921,2025-11-18 01:41:12.332677,9,472.94913492126153,家居
CUST0922,2026-03-15 01:41:12.332677,6,700.713312036657,数码
CUST0923,2026-05-31 01:41:12.332677,9,966.6488808570602,数码
CUST0924,2026-03-15 01:41:12.332677,39,538.4565348798083,家居
CUST0925,2025-10-13 01:41:12.332677,31,891.4127281083283,服装
CUST0926,2025-11-10 01:41:12.332677,32,451.7171179159588,家居
CUST0927,2026-04-12 01:41:12.332677,41,690.3920727019604,家居
CUST0928,2026-05-23 01:41:12.332677,12,720.2311524494573,家居
CUST0929,2026-03-25 01:41:12.332677,8,418.00789922944534,服装
CUST0930,2026-06-28 01:41:12.332677,8,350.58438413967167,食品
CUST0931,2026-01-05 01:41:12.332677,28,729.0778377094706,食品
CUST0932,2025-09-25 01:41:12.332677,20,393.68861255138864,数码
CUST0933,2025-08-18 01:41:12.332677,47,321.13001746491943,数码
CUST0934,2025-11-20 01:41:12.332677,7,363.20809964018065,服装
CUST0935,2025-08-23 01:41:12.332677,11,392.8773323149177,美妆
CUST0936,2025-11-17 01:41:12.332677,20,671.3234209251355,食品
CUST0937,2025-09-18 01:41:12.332677,16,603.0085346552376,数码
CUST0938,2026-02-04 01:41:12.332677,4,643.1316489515782,食品
CUST0939,2025-09-30 01:41:12.332677,6,584.2759622196165,服装
CUST0940,2025-12-18 01:41:12.332677,22,381.23196755067227,服装
CUST0941,2026-04-25 01:41:12.332677,26,639.4205711816545,美妆
CUST0942,2026-03-14 01:41:12.332677,3,736.4907653210607,美妆
CUST0943,2026-06-30 01:41:12.332677,41,616.9006432238618,服装
CUST0944,2025-07-19 01:41:12.332677,42,589.9311813251701,数码
CUST0945,2025-08-07 01:41:12.332677,14,346.58909868586466,食品
CUST0946,2025-08-20 01:41:12.332677,11,542.3634157948956,家居
CUST0947,2025-07-19 01:41:12.332677,18,335.9517341102597,美妆
CUST0948,2026-03-31 01:41:12.332677,12,495.1944283838792,家居
CUST0949,2026-02-02 01:41:12.332677,23,171.94667215493678,数码
CUST0950,2025-08-27 01:41:12.332677,12,173.48831940158135,美妆
CUST0951,2026-02-17 01:41:12.332677,13,461.790462010594,家居
CUST0952,2025-10-30 01:41:12.332677,25,390.31206563460205,数码
CUST0953,2025-11-03 01:41:12.332677,45,521.3574386948347,食品
CUST0954,2026-06-03 01:41:12.332677,19,473.0462841769762,数码
CUST0955,2026-05-25 01:41:12.332677,46,506.038157442031,美妆
CUST0956,2025-11-17 01:41:12.332677,36,621.721488471348,服装
CUST0957,2026-05-29 01:41:12.332677,45,407.3462088678335,食品
CUST0958,2025-11-23 01:41:12.332677,8,456.1112376710274,家居
CUST0959,2026-06-28 01:41:12.332677,29,791.0042445526328,美妆
CUST0960,2025-08-16 01:41:12.332677,32,500.6168253650054,服装
CUST0961,2025-11-26 01:41:12.332677,44,464.15790507492227,数码
CUST0962,2026-04-20 01:41:12.332677,18,516.5025398646379,服装
CUST0963,2026-06-30 01:41:12.332677,6,467.7271253980939,美妆
CUST0964,2025-08-03 01:41:12.332677,18,358.0855414093551,美妆
CUST0965,2026-02-20 01:41:12.332677,19,300.3940325640559,服装
CUST0966,2026-03-08 01:41:12.332677,22,347.313731969999,数码
CUST0967,2026-04-01 01:41:12.332677,37,674.5838373541574,服装
CUST0968,2026-05-03 01:41:12.332677,32,374.0189490563175,美妆
CUST0969,2025-12-22 01:41:12.332677,41,469.0150796327447,美妆
CUST0970,2025-08-03 01:41:12.332677,3,640.1472570265795,家居
CUST0971,2025-12-13 01:41:12.332677,28,444.3217658378043,家居
CUST0972,2026-06-08 01:41:12.332677,10,626.6722629687305,食品
CUST0973,2026-01-12 01:41:12.332677,35,191.84139151382664,美妆
CUST0974,2025-09-07 01:41:12.332677,29,473.4966640916207,家居
CUST0975,2026-02-21 01:41:12.332677,15,515.7792193197017,服装
CUST0976,2025-08-12 01:41:12.332677,33,504.6277446196336,数码
CUST0977,2026-03-08 01:41:12.332677,7,169.41626043222323,服装
CUST0978,2025-08-14 01:41:12.332677,12,740.6225292861609,数码
CUST0979,2025-10-02 01:41:12.332677,49,329.06541100571667,家居
CUST0980,2025-12-04 01:41:12.332677,30,567.0074250524935,食品
CUST0981,2025-11-21 01:41:12.332677,21,501.5928565294661,服装
CUST0982,2026-06-14 01:41:12.332677,31,700.7419047621355,服装
CUST0983,2026-03-13 01:41:12.332677,24,937.4977658748412,服装
CUST0984,2026-02-14 01:41:12.332677,20,241.9271030914328,数码
CUST0985,2026-05-18 01:41:12.332677,37,370.21722374550023,家居
CUST0986,2026-07-03 01:41:12.332677,4,537.8184987678104,服装
CUST0987,2026-04-05 01:41:12.332677,28,278.92933648944165,服装
CUST0988,2026-02-12 01:41:12.332677,44,656.4365215911521,食品
CUST0989,2025-08-18 01:41:12.332677,20,668.6745244314117,食品
CUST0990,2026-05-27 01:41:12.332677,24,611.8898151990074,家居
CUST0991,2025-09-14 01:41:12.332677,49,547.3163501752394,家居
CUST0992,2026-02-15 01:41:12.332677,32,773.9417555939561,美妆
CUST0993,2025-07-13 01:41:12.332677,41,268.8749036662276,食品
CUST0994,2025-08-05 01:41:12.332677,36,513.0536390685107,美妆
CUST0995,2025-10-18 01:41:12.332677,34,352.2394262539557,数码
CUST0996,2026-01-24 01:41:12.332677,36,677.9832665130336,美妆
CUST0997,2026-01-07 01:41:12.332677,2,133.33176709871344,服装
CUST0998,2026-06-24 01:41:12.332677,15,494.383226881404,美妆
CUST0999,2025-10-16 01:41:12.332677,34,567.0477374139897,家居
CUST1000,2026-02-16 01:41:12.332677,36,310.50157300524506,数码
